{
  "version": "1.13.0",
  "platformVersion": "11.1.0",
  "authentication": {
    "type": "session",
    "sessionConfig": {
      "perform": "$func$2$f$"
    },
    "fields": [
      {
        "key": "url",
        "label": "Url of service without trailing-slash",
        "required": true,
        "type": "string"
      },
      {
        "key": "login",
        "label": "Login",
        "required": true,
        "type": "string"
      },
      {
        "key": "password",
        "label": "Password",
        "required": true,
        "type": "password"
      }
    ],
    "test": "$func$2$t$",
    "connectionLabel": "{{login}}"
  },
  "beforeRequest": [
    "$func$3$f$"
  ],
  "afterResponse": [
    "$func$3$f$"
  ],
  "resources": {},
  "triggers": {
    "action": {
      "key": "action",
      "noun": "Action",
      "display": {
        "label": "New Agenda",
        "description": "Triggers when a new agenda with action is done in Dolibarr."
      },
      "operation": {
        "inputFields": [
          {
            "key": "action",
            "required": true,
            "type": "string",
            "helpText": "Which action of agenda this should trigger on.",
            "choices": {
              "create": "Create",
              "modify": "Modify",
              "delete": "Delete"
            }
          }
        ],
        "type": "hook",
        "performSubscribe": "$func$2$f$",
        "performUnsubscribe": "$func$2$f$",
        "perform": "$func$2$f$",
        "performList": "$func$2$f$",
        "sample": {
          "id": 1,
          "createdAt": 1472069465,
          "name": "Best Spagetti Ever",
          "authorId": 1,
          "action": "create"
        },
        "outputFields": [
          {
            "key": "id",
            "type": "integer",
            "label": "ID"
          },
          {
            "key": "createdAt",
            "type": "integer",
            "label": "Created At"
          },
          {
            "key": "name",
            "label": "Name"
          },
          {
            "key": "usertodo__name",
            "label": "UserToDo Name"
          },
          {
            "key": "authorId",
            "type": "integer",
            "label": "Author ID"
          },
          {
            "key": "action",
            "label": "Action"
          }
        ]
      }
    },
    "order": {
      "key": "order",
      "noun": "Order",
      "display": {
        "label": "New Order",
        "description": "Triggers when a new order with action is done in Dolibarr."
      },
      "operation": {
        "inputFields": [
          {
            "key": "action",
            "required": true,
            "type": "string",
            "helpText": "Which action of order this should trigger on.",
            "choices": {
              "create": "Create",
              "modify": "Modify",
              "validate": "Validate"
            }
          }
        ],
        "type": "hook",
        "performSubscribe": "$func$2$f$",
        "performUnsubscribe": "$func$2$f$",
        "perform": "$func$2$f$",
        "performList": "$func$2$f$",
        "sample": {
          "id": 1,
          "createdAt": 1472069465,
          "name": "Best Spagetti Ever",
          "authorId": 1,
          "directions": "1. Boil Noodles\n2.Serve with sauce",
          "action": "create"
        },
        "outputFields": [
          {
            "key": "id",
            "type": "integer",
            "label": "ID"
          },
          {
            "key": "createdAt",
            "type": "integer",
            "label": "Created At"
          },
          {
            "key": "name",
            "label": "Name"
          },
          {
            "key": "directions",
            "label": "Directions"
          },
          {
            "key": "authorId",
            "type": "integer",
            "label": "Author ID"
          },
          {
            "key": "module",
            "label": "Module"
          },
          {
            "key": "action",
            "label": "Action"
          }
        ]
      }
    },
    "thirdparty": {
      "key": "thirdparty",
      "noun": "Thirdparty",
      "display": {
        "label": "New Thirdparty",
        "description": "Triggers when a new thirdpaty action is done in Dolibarr."
      },
      "operation": {
        "inputFields": [
          {
            "key": "action",
            "required": true,
            "type": "string",
            "helpText": "Which action of thirdparty this should trigger on.",
            "choices": {
              "create": "Create",
              "modify": "Modify",
              "validate": "Validate"
            }
          }
        ],
        "type": "hook",
        "performSubscribe": "$func$2$f$",
        "performUnsubscribe": "$func$2$f$",
        "perform": "$func$2$f$",
        "performList": "$func$2$f$",
        "sample": {
          "id": 1,
          "createdAt": 1472069465,
          "name": "DOE",
          "name_alias": "DOE Ltd",
          "firstname": "John",
          "authorId": 1,
          "action": "create"
        },
        "outputFields": [
          {
            "key": "id",
            "type": "integer",
            "label": "ID"
          },
          {
            "key": "createdAt",
            "label": "Created At"
          },
          {
            "key": "name",
            "label": "Name"
          },
          {
            "key": "name_alias",
            "label": "Name alias"
          },
          {
            "key": "firstname",
            "label": "Firstname"
          },
          {
            "key": "authorId",
            "type": "integer",
            "label": "Author ID"
          },
          {
            "key": "action",
            "label": "Action"
          },
          {
            "key": "client",
            "label": "Customer/Prospect 0/1/2/3"
          },
          {
            "key": "fournisseur",
            "label": "Supplier 0/1"
          },
          {
            "key": "code_client",
            "label": "Customer code"
          },
          {
            "key": "code_fournisseur",
            "label": "Supplier code"
          }
        ]
      }
    },
    "ticket": {
      "key": "ticket",
      "noun": "Ticket",
      "display": {
        "label": "New Ticket",
        "description": "Triggers when a new ticket action is done in Dolibarr."
      },
      "operation": {
        "inputFields": [
          {
            "key": "action",
            "type": "string",
            "required": true,
            "helpText": "Which action of ticket this should trigger on.",
            "choices": {
              "create": "Create",
              "modify": "Modify",
              "validate": "Validate"
            }
          }
        ],
        "type": "hook",
        "performSubscribe": "$func$2$f$",
        "performUnsubscribe": "$func$2$f$",
        "perform": "$func$2$f$",
        "performList": "$func$2$f$",
        "sample": {
          "id": 1,
          "track_id": "Xaz123er",
          "subject": "Subject",
          "message": "Message",
          "createdAt": 1472069465,
          "lastname": "DOE",
          "firstname": "John",
          "email": "john@doe.com",
          "address": "Park Avenue",
          "zip": "12345",
          "town": "NEW-YORK",
          "email_from": "doe.john@example;com",
          "authorId": 1,
          "action": "create"
        },
        "outputFields": [
          {
            "key": "id",
            "type": "integer",
            "label": "ID"
          },
          {
            "key": "track_id",
            "type": "string",
            "label": "TrackID"
          },
          {
            "key": "subject",
            "type": "string",
            "label": "Subject"
          },
          {
            "key": "message",
            "type": "string",
            "label": "Message"
          },
          {
            "key": "createdAt",
            "type": "integer",
            "label": "Created At"
          },
          {
            "key": "lastname",
            "label": "Lastname"
          },
          {
            "key": "firstname",
            "label": "Firstname"
          },
          {
            "key": "email",
            "label": "Email"
          },
          {
            "key": "address",
            "label": "Address"
          },
          {
            "key": "zip",
            "label": "Zip"
          },
          {
            "key": "town",
            "label": "Town"
          },
          {
            "key": "email_from",
            "type": "string",
            "label": "Email from"
          },
          {
            "key": "authorId",
            "type": "integer",
            "label": "Author ID"
          },
          {
            "key": "action",
            "type": "string",
            "label": "Action"
          }
        ]
      }
    },
    "user": {
      "key": "user",
      "noun": "User",
      "display": {
        "label": "New User",
        "description": "Triggers when a new user action is done in Dolibarr."
      },
      "operation": {
        "inputFields": [
          {
            "key": "action",
            "required": true,
            "type": "string",
            "helpText": "Which action of user this should trigger on.",
            "choices": {
              "create": "Create",
              "modify": "Modify",
              "validate": "Validate"
            }
          }
        ],
        "type": "hook",
        "performSubscribe": "$func$2$f$",
        "performUnsubscribe": "$func$2$f$",
        "perform": "$func$2$f$",
        "performList": "$func$2$f$",
        "sample": {
          "id": 1,
          "createdAt": 1472069465,
          "lastname": "DOE",
          "firstname": "John",
          "email": "john@doe.com",
          "address": "Park Avenue",
          "zip": "12345",
          "town": "NEW-YORK",
          "login": "doe.john",
          "authorId": 1,
          "action": "create"
        },
        "outputFields": [
          {
            "key": "id",
            "type": "integer",
            "label": "ID"
          },
          {
            "key": "createdAt",
            "type": "integer",
            "label": "Created At"
          },
          {
            "key": "lastname",
            "label": "Lastname"
          },
          {
            "key": "firstname",
            "label": "Firstname"
          },
          {
            "key": "email",
            "label": "Email"
          },
          {
            "key": "address",
            "label": "Address"
          },
          {
            "key": "zip",
            "label": "Zip"
          },
          {
            "key": "town",
            "label": "Town"
          },
          {
            "key": "login",
            "label": "Login"
          },
          {
            "key": "authorId",
            "type": "integer",
            "label": "Author ID"
          },
          {
            "key": "action",
            "label": "Action"
          }
        ]
      }
    }
  },
  "searches": {
    "thirdparty": {
      "key": "thirdparty",
      "noun": "Thirdparty",
      "display": {
        "label": "Find a Thirdparty",
        "description": "Search for thirdparty."
      },
      "operation": {
        "inputFields": [
          {
            "key": "name",
            "type": "string",
            "label": "Name",
            "helpText": "Name to limit to the search to (i.e. The company or %company%)."
          }
        ],
        "perform": "$func$2$f$",
        "sample": {
          "id": 1,
          "createdAt": 1472069465,
          "name": "DOE",
          "firstname": "John",
          "authorId": 1,
          "directions": "1. Boil Noodles\n2.Serve with sauce",
          "style": "italian"
        },
        "outputFields": [
          {
            "key": "id",
            "type": "integer",
            "label": "ID"
          },
          {
            "key": "createdAt",
            "type": "integer",
            "label": "Created At"
          },
          {
            "key": "name",
            "label": "Name"
          },
          {
            "key": "firstname",
            "label": "Firstname"
          },
          {
            "key": "directions",
            "label": "Directions"
          },
          {
            "key": "authorId",
            "type": "integer",
            "label": "Author ID"
          },
          {
            "key": "style",
            "label": "Style"
          }
        ]
      }
    }
  },
  "creates": {
    "thirdparty": {
      "key": "thirdparty",
      "noun": "Thirdparty",
      "display": {
        "label": "Create Thirdparty",
        "description": "Creates a thirdparty."
      },
      "operation": {
        "inputFields": [
          {
            "key": "name",
            "required": true
          },
          {
            "key": "name_alias",
            "required": false
          },
          {
            "key": "address",
            "required": false
          },
          {
            "key": "zip",
            "required": false
          },
          {
            "key": "town",
            "required": false
          },
          {
            "key": "email",
            "required": false
          },
          {
            "key": "client",
            "type": "integer",
            "required": false
          },
          {
            "key": "fournisseur",
            "type": "integer",
            "required": false
          },
          {
            "key": "code_client",
            "required": false
          },
          {
            "key": "code_fournisseur",
            "required": false
          }
        ],
        "perform": "$func$2$f$",
        "sample": {
          "id": 1,
          "name": "DUPOND",
          "name_alias": "DUPOND Ltd",
          "address": "Rue des Canaries",
          "zip": "34090",
          "town": "MONTPELLIER",
          "phone": "0123456789",
          "fax": "2345678901",
          "email": "robot@domain.com",
          "client": 1,
          "fournisseur": 0,
          "code_client": "CU1903-1234",
          "code_fournisseur": "SU1903-2345"
        },
        "outputFields": [
          {
            "key": "id",
            "type": "integer",
            "label": "ID"
          },
          {
            "key": "name",
            "label": "Name"
          },
          {
            "key": "name_alias",
            "label": "Name alias"
          },
          {
            "key": "address",
            "label": "Address"
          },
          {
            "key": "zip",
            "label": "Zip"
          },
          {
            "key": "town",
            "label": "Town"
          },
          {
            "key": "phone",
            "label": "Phone"
          },
          {
            "key": "fax",
            "label": "Fax"
          },
          {
            "key": "email",
            "label": "Email"
          },
          {
            "key": "client",
            "type": "integer",
            "label": "Customer/Prospect 0/1/2/3"
          },
          {
            "key": "fournisseur",
            "type": "integer",
            "label": "Supplier 0/1"
          },
          {
            "key": "code_client",
            "label": "Customer code"
          },
          {
            "key": "code_fournisseur",
            "label": "Supplier code"
          }
        ]
      }
    }
  },
  "searchOrCreates": {}
}